startdate,enddate,duration,finished,responseID,bluemailbox,blueoutsidedoor,bluehouse,cuttree,breakwindows,razehouse,bleachlawn,blueinsidedoor,erasemural,smearpoop,introspect_a,bluemailbox2,blueoutsidedoor2,bluehouse2,cuttree2,breakwindows2,razehouse2,bleachlawn2,blueinsidedoor2,erasemural2,smearpoop2,introspect_b,other_factors,comments,condition
1/26/18 9:51,1/26/18 9:52,62,1,R_2RajZNXZ1oVeqA5,1,0,0,0,0,0,0,0,0,0,0,1000,1000,1000,1000,1000,1000,1000,1000,1000,1000,"2,3",,it was perfectly easy to understand,thousand
1/26/18 9:48,1/26/18 9:52,230,1,R_2z6koyJ7CW8QihE,1,0,0,0,1,0,0,1,0,0,0,100,100,800,500,1500,100000,6000,1200,2500,4000,2,,,million
1/26/18 9:49,1/26/18 9:53,220,1,R_1rriRt1XBsJYDqL,1,1,1,1,0,0,0,1,0,1,0,750,10000,10000,1000,20000,100000,25000,3000,10000,750,"1,2,3,4","don't have more than $100000, pay enough to fix problem and more for troubles",no,hunthousand
1/26/18 9:50,1/26/18 9:53,217,1,R_27lMU9vmUx7ECn5,0,0,0,0,0,0,0,0,0,0,0,100,200,2000,300,1000,10000,300,200,800,400,"2,3,4","No, just the ones mentioned above.","No, everything was very clear, thank you.",thousand
1/26/18 9:54,1/26/18 9:57,212,1,R_24lbDsmKVxGsrjD,1,0,0,0,0,0,0,0,1,0,1,100,500,20000,50000,100000,100000,600,500,0,50,1,Whether or not Hank liked his neighbor,,hunthousand
1/26/18 9:49,1/26/18 9:57,470,1,R_1GBaWiludUq3qmC,1,0,0,0,0,0,0,0,0,0,0,100,100,2000,500,3000,10000,500,500,3000,500,"2,3,4",,No,tenthousand
1/26/18 9:58,1/26/18 10:01,200,1,R_3K4rgofA0oW2J8J,1,1,1,0,0,0,0,1,0,1,1,100,200,10000,1000,25000,500000,50000,100,500000,500,"1,2,4","Whether the damage that would be caused could easily be reversed, and if what was being damaged had any sentimental value",,million
1/26/18 10:00,1/26/18 10:04,231,1,R_3IWEGTdTnDqvvpx,0,0,0,1,0,0,0,0,0,0,0,50,300,1000,0,600,500000,5000,100,20000,200,"2,3,4",,,tenthousand
1/26/18 10:21,1/26/18 10:23,80,1,R_3iqeBhz2qVzClnq,1,0,1,1,1,1,0,1,1,1,1,30,30,50,75,500,30,100,60,50,32,"1,3",,,hundred
1/26/18 10:24,1/26/18 10:26,121,1,R_115flo9jjcoS9ku,1,1,1,1,1,0,1,1,1,1,1,50,250,5000,500,5000,200000,1000,250,1000,50,2,No,Everything made sense,gun
1/26/18 10:25,1/26/18 10:28,175,1,R_9M1R1BGD13BWixX,0,0,0,0,0,0,0,0,0,0,0,5000,5000,5000,5000,5000,10000,5000,5000,10000,2000,"2,3,4",I thought about things that he could replace. Like maybe his daughter who painted the mural might be dead. Etc.,It was fine. Thank you and have a great day!,tenthousand
1/26/18 10:25,1/26/18 10:28,154,1,R_1memKOm3ImacBeK,0,0,0,0,0,0,0,0,0,0,0,100000,100000,100000,100000,100000,500000,100000,100000,100000,100000,"2,3,4",,,million
1/26/18 10:25,1/26/18 10:29,269,1,R_2ZUFDHGokw3df0G,1,1,1,1,1,1,1,1,1,1,1,50,100,5000,700,7500,500000,300,100,5000,20,"2,3,4",No,,gun
1/26/18 10:28,1/26/18 10:30,122,1,R_2SJP2TKlK40U4Pl,0,0,0,0,0,0,0,0,0,0,0,0,0,0,0,0,0,0,0,0,0,5,"If he's going to do something like the things listed, he might as well keep the money to pay for his attorney.",No.,hundred
1/26/18 10:27,1/26/18 10:31,219,1,R_3HYuTBrN032gwGK,1,0,0,0,0,0,1,0,0,1,1,100,150,5000,2000,10000,100000,0,150,5000,100,"1,2,3","How easy it would be for hank to undo what he'd done, how likely hank was to get caught.",,hunthousand
1/26/18 10:31,1/26/18 10:33,145,1,R_3hyEhBdg8hZhhiA,0,0,0,0,0,0,0,0,0,0,0,500,1000,10000,2000,20000,1000000,1000,1000,10000,5000,"2,3,4",,,thousand
1/26/18 10:33,1/26/18 10:36,128,1,R_3GrBpnpT3ifCTFV,0,0,0,0,0,0,0,0,0,0,0,100,100,1400,12000,100,1100000,12000,100,1000,15000,"1,2,3,4",,,hundred
1/26/18 10:34,1/26/18 10:39,267,1,R_3Jr9YWY7vyyKUaX,1,1,0,1,0,0,1,1,1,0,1,0,0,0,0,0,0,0,0,0,0,1,0,,million
1/26/18 10:56,1/26/18 10:58,87,1,R_2zekNQSKdKLTLgk,1,1,1,0,0,1,0,1,0,0,1,18,24,5,74,43,25,87,87,24,66,1,90,,gun
1/26/18 11:17,1/26/18 11:21,192,1,R_1pYh6gQ87mdatzA,0,0,0,0,0,0,0,0,0,0,0,50,50,1000,5000,5000,500000,1000,50,1000,20,4,no,no,thousand
1/26/18 13:39,1/26/18 13:40,72,1,R_1d5BalKgGXhHeeu,1,0,0,0,1,1,0,1,1,0,1,55,2,53,25,55,32,343,222,26,3,2,no,NA,tenthousand
1/26/18 13:39,1/26/18 13:41,85,1,R_1jIZWalE1VXSFT8,1,1,1,1,1,1,1,1,1,1,0,0,0,0,0,0,0,0,0,0,0,5,,,gun
1/26/18 13:39,1/26/18 13:41,76,1,R_1ilpMGHbWhskufk,0,0,0,0,0,0,0,0,0,0,1,0,0,0,0,0,0,0,0,0,0,2,no,no,tenthousand
1/26/18 13:39,1/26/18 13:41,85,1,R_OfC8fd0bv5icqYh,1,0,1,1,0,1,1,1,1,1,1,650,500,400,400,500,200,450,300,1000,500,1,,,thousand
1/26/18 13:39,1/26/18 13:41,110,1,R_31a88gTYrNpEmUt,0,0,0,0,0,0,0,0,0,0,0,5000,5000,8000,3000,5000,8000,2000,5000,5000,1000,"1,2,3,4",,,tenthousand
1/26/18 13:39,1/26/18 13:41,94,1,R_27ePxTcc8RmAD3w,0,0,0,0,0,0,0,0,0,0,0,100,200,1000,200,500,500000,200,200,1000,50,"2,3,4",,,hundred
1/26/18 13:39,1/26/18 13:41,108,1,R_2dKGjtTYVHMGhIm,0,0,0,0,0,0,0,0,0,0,0,100,1000,100,1000,1000,10000,100,100,1000,100,1,N/A,N/A,million
1/26/18 13:39,1/26/18 13:41,113,1,R_3kcfkvVpEPFyNCz,1,1,1,1,1,0,1,1,1,1,1,500,550,8000,1500,4500,150000,1000,500,750,1500,"2,3,4",no,,gun
1/26/18 13:39,1/26/18 13:41,98,1,R_1pu4hcZEzXKu5U9,0,0,0,0,0,0,0,0,0,0,1,100,100,1000,100,1000,500000,100,100,100,100,"1,2,3,4",No,No,million
1/26/18 13:39,1/26/18 13:41,115,1,R_10wxxxxVIfbls0D,0,0,0,0,0,0,1,0,0,0,1,500,1000,1000,5000,5000,100000,3000,500,1000,3000,"1,2,3",,no,hunthousand
1/26/18 13:39,1/26/18 13:41,123,1,R_1E6zkzSUWfzUdDu,0,0,0,0,0,0,0,0,0,0,0,100,100,300,100,500,500,500,100,200,100,2,,NA,hundred
1/26/18 13:40,1/26/18 13:41,114,1,R_2DSPAboNctZw6HS,0,0,0,0,0,0,0,0,0,0,1,90000,90000,90000,90000,90000,100000,90000,90000,100000,90000,"2,4",,,hunthousand
1/26/18 13:39,1/26/18 13:41,119,1,R_3s6Q0kc1YheiktN,0,0,0,0,0,0,0,0,0,0,0,100,500,500,1000,5000,200000,1000,500,1000,250,"1,2,3,4",,,thousand
1/26/18 13:40,1/26/18 13:42,108,1,R_2af7BuRvsTbb301,1,1,1,0,0,0,0,1,0,0,1,300,300,3000,1000,3000,10000,1000,300,3000,200,"1,2,3,4",no,no,tenthousand
1/26/18 13:39,1/26/18 13:42,139,1,R_1M6gNbWiI5I3CFB,1,1,1,1,1,1,1,1,1,1,0,100,500,7000,200,10000,200000,100,100,1000,150,"2,3,4",Mostly just the three listed above,"No problems, thanks!",gun
1/26/18 13:39,1/26/18 13:42,135,1,R_2uwT1fHJcrS2tJH,0,0,0,0,0,0,0,0,0,0,0,30,50,1000,500,5000,100000,500,50,50,100,2,no,no,hundred
1/26/18 13:39,1/26/18 13:42,154,1,R_0JrO9ghYXXIsoA9,1,1,1,1,1,1,1,1,1,1,1,25,50,1000,100,5000,15000,600,50,1000,15,3,I just tried to think about how much the stuff costed . He saved his son's life so the neighbor should be understanding,,gun
1/26/18 13:40,1/26/18 13:42,113,1,R_3jV1x2oKuefAKgV,0,0,0,0,0,0,0,0,0,0,0,200,500,1000,1000,1000,1000000,500,200,500,200,"1,2,3,4",,,thousand
1/26/18 13:39,1/26/18 13:42,170,1,R_2y0XjC4KfbYuKVl,0,0,0,0,0,0,0,0,0,0,1,50,150,150,50,500,1000,300,150,200,50,"3,4",none,no,thousand
1/26/18 13:40,1/26/18 13:42,144,1,R_3KJwU2AcrvYvBPR,0,0,0,0,0,0,0,0,0,0,0,50,200,4000,600,12000,250000,1000,200,50,50,"2,3,4",,,million
1/26/18 13:40,1/26/18 13:42,129,1,R_Zwq9jHdj9skUhGN,1,1,1,1,1,0,0,1,0,1,1,25,50,5000,1000,5000,500000,2500,50,5000,100,"2,3,4",no,no,million
1/26/18 13:40,1/26/18 13:42,109,1,R_1k001gQvRfu3tlK,0,0,0,0,0,0,0,0,0,0,1,15,15,15,20,15,10,22,15,20,20,1,15,None,tenthousand
1/26/18 13:40,1/26/18 13:42,109,1,R_1NzwbWXUCIEqk6l,1,1,1,1,1,1,1,1,1,1,0,20,20,20,30,30,20,40,20,20,40,1,none,no,thousand
1/26/18 13:41,1/26/18 13:42,78,1,R_2foJhkFEJJ4HFxK,0,0,0,0,0,0,0,0,0,0,0,100,100,100,100,100,100,100,100,100,100,3,,I would never touch something that was not mine,hundred
1/26/18 13:40,1/26/18 13:42,108,1,R_2CjrymzAtyIhRQf,0,0,0,0,0,0,0,0,0,0,0,100,100,300,200,300,900,200,100,100,100,"1,2,3",,,thousand
1/26/18 13:39,1/26/18 13:42,175,1,R_3h9ZrI9Gg6oV8hy,0,0,0,0,0,0,0,0,0,0,0,20,100,1000,1000,1000,1000,1000,100,1000,50,2,No,No,thousand
1/26/18 13:41,1/26/18 13:42,111,1,R_UuvVk8Zm5vxwnLP,1,1,1,1,1,1,1,1,1,1,0,100,100,500,300,3000,250000,250,100,200,100,2,no,no,gun
1/26/18 13:41,1/26/18 13:42,91,1,R_3G7kSKJNOj0PP1k,0,0,0,0,0,0,0,0,0,0,0,500,350,15000,500,35000,500000,1500,500,500,100,5,No,,hundred
1/26/18 13:39,1/26/18 13:42,190,1,R_2YRt1hpgG9xDjiB,0,0,0,0,0,0,0,0,0,0,0,100000,100000,100000,100000,100000,500000,100000,100000,250000,100000,"1,2,3,4",sentimental value of the house,,hunthousand
1/26/18 13:40,1/26/18 13:42,146,1,R_3hnduUSdxeITSiA,1,1,0,0,0,0,0,0,0,0,0,2000,8000,8000,4000,8000,10000,2000,1000,5000,3000,"2,3,4",no,everything was clear!,tenthousand
1/26/18 13:40,1/26/18 13:42,153,1,R_1ItJqhKV3vh5nvG,1,1,1,0,0,0,1,1,0,1,1,200,1000,5000,10000,2000,50000,1000,500,5000,100,"2,3",How much the actions would cost him to redo,No,hunthousand
1/26/18 13:39,1/26/18 13:42,185,1,R_3JfJVSFAWWseQiw,0,0,0,0,0,0,0,0,0,0,1,1000,1500,5000,1500,5000,300000,2500,1000,3000,500,"2,3,4",N/A,No problems.,tenthousand
1/26/18 13:39,1/26/18 13:43,194,1,R_ZKWnKx4HNAE3Pgd,0,0,0,0,0,0,0,0,0,0,0,100,100,100,100,100,100,100,100,100,100,"1,3,4","Hank should give the 100 dollars to begin with, but he owes much more.",None.,hundred
1/26/18 13:39,1/26/18 13:43,211,1,R_Ab44vlMcwqfEfvP,0,0,0,0,0,0,0,0,0,0,0,25,25,25,100,100,100,100,25,100,50,1,,I wasn't sure if we were supposed to give the neighbor under or over $100. I kept my prices around the $100 mark or lower.,hundred
1/26/18 13:39,1/26/18 13:43,211,1,R_1P01D4g4ljhsIzu,0,1,1,0,1,0,1,0,0,0,0,20,50,800,400,700,400000,15,60,700,100,2,,no,million
1/26/18 13:41,1/26/18 13:43,104,1,R_2VKj0UXavzsiP4c,0,0,0,0,0,0,0,0,0,0,0,50,1000,400,200,4000,50000,300,60,500,50,2,,,hundred
1/26/18 13:40,1/26/18 13:43,132,1,R_1hALVdIhfiWBEEk,1,1,1,1,1,1,1,1,1,1,0,0,0,0,0,0,0,0,0,0,0,5,why would hank think about the neighbor at all,,tenthousand
1/26/18 13:40,1/26/18 13:43,142,1,R_2P56wBByb8UqgP3,0,0,0,0,0,0,0,0,0,0,0,1000,1000,12000,10000,15000,250000,1000,1000,1000,100,"2,3,4",,no,hundred
1/26/18 13:39,1/26/18 13:43,217,1,R_sAMKDp52NPOiMxP,1,1,1,1,1,0,1,1,0,1,1,100000,100000,250000,300000,200000,500000,200000,100000,500000,100000,"2,3,4",What would make it worth the neighbors while for this to happen to them.,no,million
1/26/18 13:39,1/26/18 13:43,201,1,R_1cYDiASDSBh0HBJ,0,0,0,0,0,0,0,0,0,0,1,50,50,200,100,50,250,20,40,20,20,2,No,No,hundred
1/26/18 13:39,1/26/18 13:43,207,1,R_2pMq4eP7Z8CyU3O,1,1,0,1,0,0,0,0,0,0,0,20,300,3000,200,5000,100000,5000,30,10000,250,"2,4",how much it would cost to fix or replace,no,hunthousand
1/26/18 13:40,1/26/18 13:43,185,1,R_3Di7LFjxMDWtTiP,1,1,1,1,1,1,1,1,1,1,0,100,100,1000,100,5000,50000,1000,100,100,100,"2,3,4",No,Everything was clear.,gun
1/26/18 13:39,1/26/18 13:43,208,1,R_2Xb5z16jafDk9nd,0,0,0,0,0,0,0,0,0,0,0,200,500,1000,500,1000,1000,500,500,100,500,"2,3",time,no,thousand
1/26/18 13:40,1/26/18 13:43,186,1,R_2XidKiYCPWiZNu3,0,0,0,0,0,0,0,0,0,0,0,60,60,2000,2000,3000,200000,2000,50,1000,50,"2,3",,,gun
1/26/18 13:40,1/26/18 13:43,165,1,R_xudQl2DcVElGTu1,0,0,0,0,0,0,0,0,0,0,0,500,500,5000,500,5000,100000,1000,500,1000,100,2,The cost/emotional cost of replacing those things.,Nothing was unclear,hunthousand
1/26/18 13:40,1/26/18 13:43,149,1,R_2cdQ8r002QAG4kc,0,0,0,0,0,0,0,0,0,0,1,500,5000,5000,10000,25000,300000,10000,10000,50000,5000,"1,2,3,4",,,million
1/26/18 13:40,1/26/18 13:43,179,1,R_21sUjKg4WbE4VoI,0,0,0,0,0,0,0,0,0,0,0,100,100,4000,100,5000,300000,5000,100,4000,50,"2,3,4",no.,"no comments, thanks!",hundred
1/26/18 13:39,1/26/18 13:43,207,1,R_UzL6aUnQSyJ9Os9,0,0,0,0,0,0,0,0,0,0,0,150,500,3000,3000,3500,350000,2000,500,5000,500,"2,3,4",No.,"No, everything was clear.",thousand
1/26/18 13:40,1/26/18 13:43,190,1,R_6iq5gZxkTPK1bVL,0,0,0,0,0,0,0,0,0,0,0,100,150,500,1000,1000,1000,350,100,1000,100,"2,3,4",Nope,Nope,thousand
1/26/18 13:40,1/26/18 13:43,204,1,R_10OVIi3cP1VweUK,1,1,1,1,1,0,1,1,0,1,1,500,1000,5000,1000,2000,75000,1000,1000,90000,500,"2,3,4",ethics,none,hunthousand
1/26/18 13:39,1/26/18 13:43,216,1,R_yWUh7tjqDqWrmjD,0,0,0,0,0,0,0,0,0,0,0,1000,1000,10000,1000,10000,10000,10000,1000,10000,10000,"1,2,3,4",no,no,tenthousand
1/26/18 13:39,1/26/18 13:43,227,1,R_2zVho8LiCCDCVio,1,1,1,1,0,0,0,1,0,0,0,0,0,0,1000,5000,1000000,1000,0,1000,5000,"2,3",,,hunthousand
1/26/18 13:40,1/26/18 13:43,198,1,R_3G0Aqfi0Gvmnqai,1,1,1,0,0,0,0,1,0,0,1,200,500,15000,5000,50000,500000,20000,500,100000,300,"2,3,4",,,million
1/26/18 13:39,1/26/18 13:43,230,1,R_1jro2l89OMkrmqa,1,1,0,1,0,0,0,1,0,1,1,25,35,1200,600,2000,125000,1200,35,50,50,"1,2,3,4",,,million
1/26/18 13:40,1/26/18 13:43,206,1,R_12lLow3Dwh7uYJC,0,0,0,0,0,0,0,0,0,0,0,100,100,100,100,100,100,100,100,100,100,2,I am very confused. all of these were very simple clear cut wrong things to do.. even a 6 year old wouldnt have to think about it- did miss something here? is it morally ok to poop on someones yard? destroy things? and its ok if I give them $100 after? Im confused..,"this entire survey was odd.. if even just 1 question made me think for a second I would have been a bit more satisfied. these were all wrong, illegal actions- required no thought.. I am missing something here for sure",hundred
1/26/18 13:41,1/26/18 13:43,120,1,R_2wRcoF68wvV0Qhc,1,1,1,1,1,1,1,1,1,1,0,0,0,0,0,0,0,0,0,0,0,5,No,No,gun
1/26/18 13:39,1/26/18 13:43,226,1,R_cNh5gOujEp8eGSR,0,0,0,0,0,0,0,0,0,0,0,1000,1000,1000,1000,1000,1000,1000,1000,1000,1000,"1,2,4",,,thousand
1/26/18 13:40,1/26/18 13:43,165,1,R_2ZVqiavidIeRoa7,0,0,1,1,1,0,1,1,1,1,0,200,600,500,5000,500,200,300,200,400,300,"1,3",,,million
1/26/18 13:41,1/26/18 13:43,160,1,R_2WIpGzCEEzEt2AS,0,0,0,0,0,0,0,0,0,0,0,250,200,5000,2000,12000,80000,4000,200,10000,1000,"2,3,4",No,Everything was clear.,hunthousand
1/26/18 13:40,1/26/18 13:43,201,1,R_SOyOKNumRJKq6aJ,1,1,1,1,1,1,1,1,1,1,1,100,200,2000,300,2000,100000,1000,200,1000,100,"2,3,4",no,none,gun
1/26/18 13:39,1/26/18 13:43,229,1,R_1LclXXfIl0NA4eM,0,0,0,0,0,0,0,0,0,0,0,10000,20000,100000,20000,100000,100000,20000,20000,100000,100000,"1,2,3,4",The intrinsic value of the mural.,No.,hunthousand
1/26/18 13:41,1/26/18 13:43,128,1,R_1g8iumCrUNOy4BZ,0,0,0,0,0,0,0,0,0,0,1,2000,2000,2000,20000,3000,50000,5000,3000,10000,2000,2,,,tenthousand
1/26/18 13:40,1/26/18 13:43,180,1,R_2QT0wffUUGJ8uQx,1,1,1,1,1,1,1,1,1,1,1,150,100,2500,1500,3000,300000,500,150,5000,50,"2,3",,,gun
1/26/18 13:39,1/26/18 13:43,248,1,R_Y52zgxACGCyzGNj,1,0,0,0,0,1,0,0,0,0,0,0,100,1000,0,1000,100000,500,100,100,50,"2,4",no,no,gun
1/26/18 13:40,1/26/18 13:43,192,1,R_2EibcpA6pSWOujh,1,1,1,0,0,0,0,1,0,0,1,500,500,150000,300000,200000,100000,100000,1000,500000,150000,2,no,no,million
1/26/18 13:41,1/26/18 13:44,176,1,R_2OVAANu4OWFJHyx,0,0,0,0,0,0,0,0,0,0,0,5000,5000,10000,10000,5000,50000,5000,5000,5000,5000,"1,2,3,4",no,,hunthousand
1/26/18 13:40,1/26/18 13:44,217,1,R_3Kv9okTQRehTUka,1,0,0,0,0,0,0,0,0,0,1,500,1000,5000,1000,10000,10000,500,1000,1000,1000,"2,3",,,tenthousand
1/26/18 13:41,1/26/18 13:44,154,1,R_3EGuXB7p7QyKJDJ,0,0,0,0,0,0,0,0,0,0,0,1000,1000,1000,1200,1000,50000,500,1000,1000,500,2,,,thousand
1/26/18 13:42,1/26/18 13:44,106,1,R_2rC8t9LeFkf2w7a,0,1,0,0,0,0,1,0,0,0,0,100,100,100,100,100,100,100,100,100,100,2,NO,NO,hundred
1/26/18 13:40,1/26/18 13:44,195,1,R_1jGRWs6TN3HgUUu,0,0,0,0,0,0,0,0,0,0,0,10000,10000,10000,10000,10000,10000,10000,10000,10000,10000,"3,4","The fact that the neighbor didn't ask for anything to be done, even if it was something harmless like painting a door.",,tenthousand
1/26/18 13:40,1/26/18 13:44,236,1,R_1LFJQi9iIf0Zxni,1,1,1,1,0,0,0,1,1,1,1,100,200,800,2000,750,100000,600,200,150,40,2,,,hunthousand
1/26/18 13:40,1/26/18 13:44,217,1,R_1H5Hw614CnRElht,1,1,1,0,0,0,0,1,0,0,0,0,0,0,100000,100,100000,100,0,100,50,2,also whether the neighbor might like him to do it.,,hundred
1/26/18 13:40,1/26/18 13:44,234,1,R_2a8H9gnpZgj2diG,0,1,1,0,0,0,0,0,0,0,0,2,1,5,5,5,50,10,1,10,2,3,how would the neighbor feel when he/she find out about it,n/a,hundred
1/26/18 13:41,1/26/18 13:44,195,1,R_vphBFpNeuARhdCN,0,0,0,0,0,0,0,0,0,0,0,50,500,20000,5000,10000,100000,50000,500,50000,10000,"1,2,3,4",No,n/a,hunthousand
1/26/18 13:40,1/26/18 13:44,266,1,R_2PAOd9hmFuO2f4g,1,1,0,0,0,0,0,0,0,0,0,200,300,500,2000,3000,200000,1000,500,400,500,"2,3,4",emotional distress,no,million
1/26/18 13:42,1/26/18 13:44,126,1,R_1159DWTqw7GaJRZ,0,0,0,0,0,0,0,0,0,0,0,50000,50000,50000,50000,50000,100000,50000,50000,50000,50000,"2,3,4",,,hunthousand
1/26/18 13:41,1/26/18 13:44,189,1,R_bIu3IokDAkNo8wN,1,1,0,0,0,0,0,1,0,0,0,2000,2000,50000,50000,100000,500000,100000,1000,20000,50000,"1,2,3,4",,,million
1/26/18 13:42,1/26/18 13:44,150,1,R_3jePvlbSQYElqmi,0,0,0,0,0,0,0,0,0,0,0,200,500,5000,4000,2500,200000,2000,500,0,500,2,,,tenthousand
1/26/18 13:40,1/26/18 13:44,241,1,R_1CvGT3309L8mzPo,1,1,1,1,1,0,1,1,0,1,1,500,1000,5000,100000,5000,500000,10000,1000,500000,10000,"2,3,4",no,a million dollars god damn my neighbor would understand!,million
1/26/18 13:40,1/26/18 13:44,264,1,R_3R2UppV8G1k0acj,0,0,0,1,0,0,0,0,0,0,1,5,100,20,0,1300,9,30,22,500,23,2,,,hundred
1/26/18 13:39,1/26/18 13:44,299,1,R_2Yn2d2TzeedqMrw,1,1,1,1,1,1,1,1,1,1,0,200,300,2000,1000,1500,600000,1000,300,500,20,"2,3",,no,gun
1/26/18 13:42,1/26/18 13:44,164,1,R_3MLJbLDHI7uE9Qq,0,0,0,0,0,0,0,0,0,0,1,200,200,700,300,800,700,500,200,400,200,"2,3,4",How angry the neighbor would be when he got home,,thousand
1/26/18 13:41,1/26/18 13:44,177,1,R_x3myuxYGBfabz8Z,1,1,1,1,1,0,1,1,1,1,1,20,30,30,300,5000,200000,500,30,200,50,"2,3,4",,,gun
1/26/18 13:41,1/26/18 13:44,205,1,R_5szKXjrWYchLS1P,1,0,0,0,0,0,1,0,0,1,0,200,300,1200,1000,3000,200000,100,300,5000,100,2,,No,thousand
1/26/18 13:39,1/26/18 13:44,297,1,R_1mhkXdhVcBykv4V,0,0,0,0,0,0,0,0,0,0,0,0,0,0,0,0,0,0,0,0,0,5,if he did something he shouldnt do why would he give any money,no,hundred
1/26/18 13:41,1/26/18 13:44,219,1,R_3PIcE8uTOQD3TuS,0,0,0,0,0,0,0,0,0,0,0,200,10000,10000,10000,5000,250000,1000,500,10000,50,"2,3,4",,No,hundred
1/26/18 13:40,1/26/18 13:44,261,1,R_1d9UuOiHgAPGQsG,1,1,1,1,1,1,1,1,1,1,0,200,500,1000,1000,1000,1000,350,250,1000,500,"1,2,3,4",no,no,thousand
1/26/18 13:43,1/26/18 13:45,119,1,R_1JDCUsiBM8m3pUo,1,1,1,1,1,0,1,1,1,1,1,100,250,1500,500,1500,250000,1000,300,200,100,"2,3,4",N/A,Nope.,gun
1/26/18 13:43,1/26/18 13:45,104,1,R_OxwIOzafiRnV94Z,0,0,0,0,0,0,0,0,0,0,0,100,100,6000,300,1000,300000,5000,100,10000,100,"2,3,4",,,thousand
1/26/18 13:39,1/26/18 13:45,335,1,R_2aUM499WaHHfUwC,0,0,0,0,0,0,0,0,0,0,1,1000,2000,20000,5000,50000,100000,5000,2000,100000,5000,"1,2,3,4",no,No comments or issues.,hunthousand
1/26/18 13:40,1/26/18 13:45,295,1,R_1E0rMtcuw2Vl9X0,0,0,0,0,0,0,0,0,0,0,0,25,500,1000,1000,1000,1000,1000,1000,1000,1000,"1,2,3,4","I was assuming that the only money Hank had to give was the money the stranger gave him. In some of these cases, he really owes the neighbor a great deal more, and should be arrested.",Hank should alert his neighbor and call the police.,thousand
1/26/18 13:40,1/26/18 13:45,275,1,R_3qlCb37skFX08Sw,0,0,0,0,0,0,0,0,0,0,0,1000,500,1000,1000,1000,1000,1000,500,1000,500,"1,2,3,4",,,thousand
1/26/18 13:43,1/26/18 13:45,117,1,R_3MM6BUBXZe4KMyg,1,1,1,0,0,0,0,1,0,1,1,100,200,100,500,1000,300000,1000,200,500,100,4,,,thousand
1/26/18 13:42,1/26/18 13:45,172,1,R_2YmkDV0X73FmGza,1,1,1,1,1,1,1,1,1,1,1,25,350,500,200,700,2500,1000,50,100,50,"1,3","How much money the neighbor would get back from insurance, given they had it.",no,gun
1/26/18 13:40,1/26/18 13:45,299,1,R_1FQXnqZR9d9Ohj7,1,1,1,1,1,1,1,1,1,1,1,50,250,10000,1000,5000,250000,250,250,100,100,1,How much harm would be caused to my neighbor.,no,gun
1/26/18 13:43,1/26/18 13:45,83,1,R_OE8L87yq1d8R1bX,0,1,0,1,0,0,0,1,0,0,1,50,150,500,150,1000,200000,300,100,200,200,"1,2,3,4",,,hundred
1/26/18 13:43,1/26/18 13:45,124,1,R_4TxR21rBFBqrqBr,0,0,0,0,0,0,0,0,0,0,0,200,400,700,300,999,1000,100,400,950,200,"1,2,3,4",no,no,thousand
1/26/18 13:43,1/26/18 13:45,99,1,R_25MhH3d0zl6LxSj,1,1,1,1,1,1,1,1,1,1,1,100000,100000,100000,1000000,100000,100000,10000,100000,100000,100000,1,by stranger it would ,no,tenthousand
1/26/18 13:40,1/26/18 13:45,304,1,R_3fwIGBCjz9u2jpn,1,1,1,1,1,1,1,1,0,1,0,100,200,2000,1000,10000,200000,200,200,500,200,"2,3",no,no,gun
1/26/18 13:42,1/26/18 13:45,171,1,R_Zk4IjpmJ4xtYwHD,0,0,0,0,0,0,0,0,0,0,1,100,500,5000,1000,50000,300000,500,500,50000,100,"2,4",No,No,hunthousand
1/26/18 13:43,1/26/18 13:45,113,1,R_2YWcRZ9whd8vsjd,0,0,0,0,0,0,0,0,0,0,1,100,100,100,100,100,100,100,100,100,100,"1,2,3,4",,,hundred
1/26/18 13:44,1/26/18 13:45,76,1,R_3EnEZvThTQ6UXYF,0,1,0,0,0,1,0,0,0,0,0,5000,100,50,2500,1000,1000,5000,5000,500,2000,2,No,NA,tenthousand
1/26/18 13:40,1/26/18 13:45,307,1,R_1pLjcvKX0pB0Q5K,1,0,0,0,0,0,0,0,0,1,0,150,300,3500,2000,6000,400000,800,200,3000,150,"2,3,4",Nope other than an amount to help you not feel guilty.,It was clear,million
1/26/18 13:41,1/26/18 13:45,243,1,R_3GCzP4m6HMyHA7q,1,1,0,0,0,0,0,1,0,0,1,5000,5000,5000,5000,10000,10000,5000,5000,10000,5000,"1,2,3,4",It seemed to me like the money should be split equally,no,tenthousand
1/26/18 13:41,1/26/18 13:45,210,1,R_1Ecy0DdzXYf1Ssg,0,0,0,0,0,0,0,0,0,0,1,50,50,100,100,100,100,100,50,100,0,"1,2,3,4",no,no,hundred
1/26/18 13:43,1/26/18 13:45,136,1,R_3KVnDDNfc8Ua3w5,0,0,0,0,0,0,0,0,0,0,0,1000,2500,15000,10000,25000,350000,1000,1000,1000,1000,3,,,million
1/26/18 13:41,1/26/18 13:45,256,1,R_sjpEHeNEgI7PnQl,0,0,0,0,0,0,0,1,0,0,0,500000,500000,500000,500000,500000,700000,500000,500000,500000,500000,1,no,no,million
1/26/18 13:39,1/26/18 13:45,346,1,R_27ytFuTQa7MuGr2,1,0,0,0,0,0,0,0,0,0,0,1000,2000,6000,4000,10000,10000,5000,5000,4000,1000,"2,3,4",No,No,tenthousand
1/26/18 13:41,1/26/18 13:45,254,1,R_1oG4NOvdwhzkFNM,0,0,0,0,0,0,0,0,0,0,0,50000,50000,50000,50000,50000,50000,50000,50000,50000,50000,"1,3,4","I think she should give him at least half, he doesn't know if the actions he took could have made his neighbor a target for a gang or other marking so he could be attacked",,hunthousand
1/26/18 13:41,1/26/18 13:45,219,1,R_3g5kvjegXPyTz6A,1,1,1,0,0,0,0,0,0,1,1,10000,10000,30000,25000,25000,100000,20000,10000,30000,10000,"1,2,3,4",,,hunthousand
1/26/18 13:43,1/26/18 13:45,122,1,R_27vuyhZoC8SWVIU,1,1,1,1,0,0,1,1,0,1,1,50,50,2000,1000,1000,100000,0,50,5000,0,"1,2",,,hunthousand
1/26/18 13:40,1/26/18 13:45,325,1,R_0uN432aFPtwRiBH,0,0,0,0,0,0,0,0,0,0,0,10000,10000,10000,10000,10000,10000,10000,10000,10000,10000,1,no,no,tenthousand
1/26/18 13:43,1/26/18 13:45,144,1,R_2BwCWQClzIBofYP,1,0,0,0,0,0,0,0,0,0,0,50000,50000,50000,50000,0,50000,50000,50000,50000,10000,"1,2",,no,million
1/26/18 13:43,1/26/18 13:45,110,1,R_2OOVSU0QBBFXJTQ,0,0,0,0,0,0,0,0,0,0,0,500000,500000,500000,500000,500000,500000,500000,500000,500000,500000,"2,3,4",no,no,million
1/26/18 13:40,1/26/18 13:45,336,1,R_xxVZqL9PA0xnOEh,0,0,0,0,0,0,0,0,0,0,1,50000,50000,50000,100000,50000,5000000,70000,80000,100000,50000,"2,3,4",No.,No. No.,hunthousand
1/26/18 13:43,1/26/18 13:45,126,1,R_3EGWZkRAaO5iEaq,0,0,0,1,0,0,0,0,0,0,0,15,200,1000,40,1000,100000,50,100,200,50,2,,,thousand
1/26/18 13:43,1/26/18 13:45,164,1,R_2CZknt61jmzCPbU,0,0,0,0,0,0,0,0,0,0,0,100,100,5000,1000,10000,500000,2000,100,1000,100,2,no,no,hundred
1/26/18 13:41,1/26/18 13:45,233,1,R_21i8aRt9P1LUlLV,0,0,0,0,0,0,0,0,0,0,0,2000,1000,200000,20000,10000,300000,2500,2500,40000,1000,"2,3,4","In the case of the mural, I took into account that it may be irreplaceable.",no,million
1/26/18 13:44,1/26/18 13:45,113,1,R_2fdIg0KwK4CgSoq,0,0,0,0,0,0,0,0,0,0,0,100,100,100,100,100,100,100,100,100,100,"2,3,4",,,hundred
1/26/18 13:41,1/26/18 13:46,243,1,R_1EhE52usKI8WuUA,0,0,0,0,0,0,0,0,0,0,0,10,10,300,100,500,300000,1000,10,100,20,"2,4",,,hundred
1/26/18 13:42,1/26/18 13:46,220,1,R_1Kr8k66j1G1xjM5,0,0,0,0,0,0,0,0,0,0,0,50,500,1500,500,5000,160000,200,50,500,50,2,no,no,thousand
1/26/18 13:43,1/26/18 13:46,128,1,R_2YWDAXNr9f5htm1,1,1,1,0,0,0,0,1,0,0,1,30,100,500,1000,10000,100000,800,75,100,200,"2,3,4",,,thousand
1/26/18 13:42,1/26/18 13:46,188,1,R_3EhDFsPbj54CTmS,0,0,0,0,0,0,0,0,0,0,0,250,1000,100000,20000,25000,250000,10000,1000,10000,10000,"2,4",NA,no,million
1/26/18 13:43,1/26/18 13:46,150,1,R_1pMQrZzJVqOUp6I,0,0,0,0,0,0,0,0,0,0,0,0,0,0,500,3000,25000,1500,0,2000,500,"2,3,4",,,tenthousand
1/26/18 13:42,1/26/18 13:46,247,1,R_2zOsF4nnXZiPfDv,0,0,0,0,0,0,0,0,0,0,1,50,150,10000,500,1500,500000,2000,150,300,50,"2,3,4",,None.,tenthousand
1/26/18 13:45,1/26/18 13:46,45,1,R_UiFXpelgVdeORaN,1,0,0,1,1,0,1,1,1,1,1,50,50,60,60,50,50,50,60,50,60,1,no,o,hunthousand
1/26/18 13:42,1/26/18 13:46,208,1,R_3pilmSwLBiWdEX8,0,0,0,0,0,0,0,0,0,0,0,200,400,3500,10000,10000,300000,3000,400,1000,150,"1,2,3,4",,,tenthousand
1/26/18 13:41,1/26/18 13:46,267,1,R_0OIUOOYKISMpMWt,0,0,0,0,0,0,0,0,0,0,0,10,25,100,0,100,50000,100,25,100,0,"1,2,3,4",n/a,n/a,hundred
1/26/18 13:42,1/26/18 13:46,262,1,R_3ENpDxIqOqnHe6X,0,0,0,0,0,0,0,0,0,0,0,500,5000,5000,6000,5000,10000,5000,5000,5000,5000,2,"I wanted to punish Hank as well for making such a dumb decision. So I wanted to do that by inconveniencing Hank to feel like he didn't really win that much money. He deserves it, and needs to taste his own medicine.",No,tenthousand
1/26/18 13:43,1/26/18 13:46,152,1,R_2Sv5ILGtTOs81oc,1,1,1,0,0,0,0,0,0,0,1,100,1000,5000,3000,5000,100000,10000,100,100,100,"1,2,3,4",,,hunthousand
1/26/18 13:41,1/26/18 13:46,276,1,R_T0Ka8RIM0ROfKvv,1,1,0,0,0,0,0,0,0,0,1,200,200,1000,1000,1000,1000,1000,200,1000,1000,"1,2,3,4",No others,No everything was clear.  No other comments,thousand
1/26/18 13:41,1/26/18 13:46,296,1,R_1FslTC6lhXEqajH,1,1,1,1,0,0,1,1,0,0,1,5000,20000,40000,40000,50000,100000,20000,30000,100000,75000,"1,2,3,4",no,no,hunthousand
1/26/18 13:42,1/26/18 13:46,239,1,R_enyYw0szVMUxQOZ,1,1,0,1,0,0,0,1,0,0,0,50,50,500,0,500,10000,500,50,1000,50,2,No,No,thousand
1/26/18 13:41,1/26/18 13:46,283,1,R_3fxiNwFPj5BNwTT,1,1,1,1,1,1,1,1,1,1,1,20,50,2500,500,2500,200000,500,25,50,100,"2,4",no,no,gun
1/26/18 13:43,1/26/18 13:46,190,1,R_3PiP1ZJtI4Noygb,1,1,1,0,0,0,0,1,0,0,0,50,500,1000,400,2000,250000,1000,500,5000,300,"2,3,4",no,no issues,gun
1/26/18 13:42,1/26/18 13:46,269,1,R_28Ogr0EB6IuHake,1,1,1,1,0,0,0,0,0,0,0,50,100,3000,500,2500,300000,1000,100,10000,100,2,"No, I was just estimating the cost of the neighbor having to redo or fix whatever Hank had done.",Everything was clear.,million
1/26/18 13:42,1/26/18 13:46,223,1,R_1fjtaAmsId4scgZ,0,0,0,0,0,0,0,0,0,0,0,100,400,2000,1000,10000,100000,500,800,1000,1000,"1,2,3,4",,,hunthousand
1/26/18 13:43,1/26/18 13:46,208,1,R_2Ez6GYAyMoyMGES,1,1,1,1,1,1,1,1,1,1,1,100,100,5000,500,300,10000,200,200,200,50,"3,4",Respect,No,gun
1/26/18 13:43,1/26/18 13:46,197,1,R_29ojrGwRBVMi7eX,1,1,0,0,1,0,1,1,0,1,1,1000,2000,10000,10000,50000,100000,5000,1000,10000,1000,"1,2,3",no,everything seemed clear,hunthousand
1/26/18 13:44,1/26/18 13:46,150,1,R_3Gy5sOJda1u6bgn,0,0,0,0,0,0,0,0,1,0,1,100,5,5,5,5,5,2,5,5,2,2,,,hundred
1/26/18 13:43,1/26/18 13:46,174,1,R_XBVBNth9k3mEZpv,1,1,1,1,1,0,1,1,1,1,0,15,50,3000,300,1000,50000,1000,25,100,0,2,Yea ,,gun
1/26/18 13:43,1/26/18 13:46,212,1,R_1LvrXFAggHyQEiY,1,1,1,1,1,1,1,1,1,1,0,100,100,1000,500,500,250000,300,150,5000,50,"1,2,3,4",how reasonable the neighbor would be considering the circumstances.,nothing comes to mind,gun
1/26/18 13:44,1/26/18 13:46,146,1,R_2QggYusX9Cm8gzY,0,0,0,0,0,0,0,0,0,0,0,50000,50000,100000,100000,100000,500000,150000,50000,300000,100000,"1,2,3,4",,,million
1/26/18 13:44,1/26/18 13:46,113,1,R_1gefuxajRDTBgdR,1,1,1,1,1,1,1,1,0,1,1,5000,5000,5000,5000,5000,5000,5000,5000,5000,5000,"1,2,3,4",NA,NA,million
1/26/18 13:41,1/26/18 13:46,288,1,R_p4cA6JoQm3pTkJP,0,0,0,0,0,0,0,0,0,0,0,300,1000,20000,5000,20000,500000,5000,1000,1000,1000,"2,3,4",,,million
1/26/18 13:43,1/26/18 13:46,179,1,R_2CgqicWcq5EpTR6,1,1,1,1,1,1,1,1,1,1,1,50,100,2000,500,5000,10000,50,200,1000,100,"1,2,3,4",no,no,gun
1/26/18 13:42,1/26/18 13:46,282,1,R_3sgLSyiYwzFYlSQ,0,0,0,0,0,0,0,0,0,0,0,500000,500000,500000,500000,500000,500000,500000,500000,500000,500000,"1,2,3,4",I thought the money should be split 50-50 as Hank couldn't get the money without the neighbor.,,million
1/26/18 13:39,1/26/18 13:46,442,1,R_3iHUwSeZcYmdwnA,0,0,0,0,0,0,0,0,0,0,0,1000,1000,6000,2500,7500,10000,5000,1000,10000,1000,2,,"I was thinking that he didn't have the consent of his neighbor to do any of this. With that in mind, MORALLY it would be wrong to do anything to someone else's property. Also, I forgot to check the box in the last question, but I meant to also put that I considered how much the stranger gave him. All the prices were within the range of what the stranger gave him. After further thought on that, if he completely demolished the house, I would have put a higher amount like 150,000.",tenthousand
1/26/18 13:40,1/26/18 13:46,384,1,R_22W7o5iOxwR9QLo,0,0,0,0,0,0,0,0,0,0,0,150,1500,1500,6000,6000,180000,5000,250,300,500,2,Appeasing the neighbor's anger.,None,gun
1/26/18 13:42,1/26/18 13:46,266,1,R_3g8itbXio7aFPmz,1,1,1,1,1,1,1,1,1,1,1,60,500,1000,750,2000,70000,500,500,3500,200,"2,3",No,No,gun
1/26/18 13:41,1/26/18 13:46,352,1,R_2En1Jrp8nDqYnnc,0,0,0,0,0,0,0,0,0,0,0,50,500,2000,300,10000,500000,500,200,500,500,2,no,,hunthousand
1/26/18 13:41,1/26/18 13:47,304,1,R_2ZPLiCANfJQlrkT,0,0,0,0,0,0,0,0,0,0,1,50,50,1000,200,1000,150000,250,50,100,50,"3,4",None,None,hunthousand
1/26/18 13:44,1/26/18 13:47,140,1,R_OJ7TzTr3EpXEK7D,0,0,0,0,0,0,0,0,0,0,0,100,500,5000,1000,2000,350000,1000,500,1000,200,2,no,,thousand
1/26/18 13:42,1/26/18 13:47,260,1,R_3njdxacc03wuCla,0,0,0,0,0,0,0,0,0,0,0,60,40,500,1000,3000,250000,20,150,20,100,"2,4",if it was breaking the law,,hundred
1/26/18 13:41,1/26/18 13:47,352,1,R_22R3mBPFZc8tuzq,1,1,0,0,0,0,0,0,0,0,1,500,2000,15000,6000,5000,1000000,250000,5000,25000,100000,"2,3,4",No,No,million
1/26/18 13:45,1/26/18 13:47,104,1,R_9MJ62tqLMOSqf5v,0,0,0,0,0,0,0,0,0,0,1,100000,100000,100000,100000,100000,100000,100000,100000,100000,100000,4,,,hunthousand
1/26/18 13:42,1/26/18 13:47,309,1,R_2Bku8RmMp870eZK,1,1,1,0,0,0,0,1,1,1,0,15,200,2500,4000,4000,50000,1000,100,500,150,2,no,no,gun
1/26/18 13:44,1/26/18 13:47,169,1,R_3HFyTK7D8SpJIaG,1,1,1,1,1,1,1,1,1,1,1,50,100,5000,1000,5000,20000,2000,100,500,50,"2,3,4",,,gun
1/26/18 13:45,1/26/18 13:47,112,1,R_3Gqt8BdRgL4PDbJ,0,0,0,0,0,0,0,0,0,0,1,20,1000,5000,300,1000,200000,500,300,1000,500,"1,2,3,4",No,No,million
1/26/18 13:44,1/26/18 13:47,144,1,R_3rHs7FFSTT3i5oK,1,1,1,1,1,1,1,1,1,1,1,200,500,1000,500,10000,100000,1000,500,200,100,"2,3,4",The cost of replacement for the things destroyed,No,gun
1/26/18 13:39,1/26/18 13:47,466,1,R_10JIhwdn2CAFjFU,1,1,1,0,0,0,0,1,0,0,0,100,500,3000,1000,2000,100000,200,1000,5000,100,2,,,million
1/26/18 13:41,1/26/18 13:47,336,1,R_1QflQlyvkJADzGQ,1,0,0,0,0,0,0,0,0,0,1,500,5000,5000,1500,2500,10000,2500,1500,3000,1000,2,no,no,tenthousand
1/26/18 13:41,1/26/18 13:47,336,1,R_1OE1HTscjiHvh2S,0,0,0,0,0,0,0,0,0,0,0,100,300,1000,300,1000,1000,300,300,1000,200,2,"If the damage was reparable, like the mural his daughter painted was not able to be replaced or repaired.",no,thousand
1/26/18 13:44,1/26/18 13:47,193,1,R_1DZ5InaoMoCANUe,0,0,0,0,0,0,0,0,0,0,0,200,200,2000,5000,2500,250000,3000,200,300,100,"2,3,4",No.,No.,million
1/26/18 13:41,1/26/18 13:47,346,1,R_3lE4U9T3ytBEFmO,0,0,0,0,0,0,0,0,0,0,0,500,500,10000,75000,25000,100000,25000,500,50000,5000,"1,2,3,4",,none,hunthousand
1/26/18 13:43,1/26/18 13:47,257,1,R_1n9jaReir1A1RDF,0,0,0,0,0,0,0,0,0,0,0,1000,1000,1000,1000,10000,100000,1000,1000,1000,1000,"1,2,4",,"no, thanks",thousand
1/26/18 13:42,1/26/18 13:47,316,1,R_3HIHLXfVRKgVtGJ,0,0,0,0,0,0,0,0,0,0,1,500,500,5000,1000,2500,150000,500,500,1000,500,"1,2,3,4",No,None,thousand
1/26/18 13:44,1/26/18 13:47,157,1,R_2SxGAF0ysiXrWqg,0,0,0,0,0,0,0,0,0,0,0,100,100,100,100,100,100,100,100,100,100,4,no,no,hundred
1/26/18 13:39,1/26/18 13:47,480,1,R_2agxeJJLber3F8v,1,0,0,0,0,0,0,0,0,0,1,200,300,750,500,4000,10000,1000,300,1000,750,"2,3,4","Nope, just the cost of repairs, primarily.","I enjoyed the survey. I don't really think it's morally acceptable to go onto a neighbor's property and cause damage of any kind, even if it's something as minimal as painting the outside of their front door.",tenthousand
1/26/18 13:44,1/26/18 13:47,165,1,R_1q9Xhes11nlITcv,0,0,0,0,0,0,0,0,0,0,0,80,600,3500,200,2500,100000,30,300,100,15,"2,3,4",No,No,thousand
1/26/18 13:46,1/26/18 13:47,79,1,R_3M6ucOdGneemrvx,0,0,0,0,0,0,0,0,0,0,1,5000,5000,5000,5000,5000,5000,5000,5000,5000,5000,"1,2,3,4",,,tenthousand
1/26/18 13:43,1/26/18 13:47,260,1,R_3j2svFPaIdyByh7,1,1,1,1,1,1,1,1,1,1,0,50,50,500,500,1000,50000,500,50,100,50,2,no,no problems,gun
1/26/18 13:44,1/26/18 13:47,170,1,R_2wFuFZNZ6fd7Y6a,0,0,0,0,0,0,0,0,0,0,0,50,200,3000,500,15000,250000,100,200,100,50,"2,3,4",no,no,hundred
1/26/18 13:44,1/26/18 13:47,223,1,R_2pK5mZgoCg9IVxo,0,0,0,0,0,0,0,0,0,0,0,100,250,5000,2000,5000,250000,1000,200,1000,100,2,HOW MUCH MONEY FOR HARASSMENT,,hundred
1/26/18 13:43,1/26/18 13:47,237,1,R_yvTYCKgdjMYvGrD,0,0,0,0,0,0,0,0,0,0,0,50,500,5000,10000,5000,100000,100,500,50000,500,"2,3",no,none,hunthousand
1/26/18 13:45,1/26/18 13:47,121,1,R_3jYFYLNQaNgs7wt,1,1,0,0,0,0,0,0,0,0,0,5000,5000,5000,10000,10000,10000,10000,5000,10000,10000,2,no,no,tenthousand
1/26/18 13:43,1/26/18 13:47,268,1,R_1P12JwffJK9dVz3,0,0,0,0,0,0,0,0,0,0,0,10000,10000,10000,10000,10000,10000,10000,10000,10000,10000,4,No,No,tenthousand
1/26/18 13:45,1/26/18 13:47,170,1,R_1IA86x8n4ZdU9gy,0,0,0,0,0,0,0,0,0,0,0,150,600,12000,5000,10000,175000,6000,500,500,100,"1,2,4",the cost of the damage and the cost to replace,none,hundred
1/26/18 13:44,1/26/18 13:47,179,1,R_ebQXrT7pVw4FS7v,0,0,0,0,0,0,0,0,0,0,0,500,2000,10000,10000,30000,100000,2000,2000,50000,1000,"1,2,3,4",The emotional stress factor or an irreplaceable thing (daughter's mural),no,hunthousand
1/26/18 13:45,1/26/18 13:47,160,1,R_2pMQ330jqly6rav,1,1,1,0,1,0,0,1,1,1,1,1000,1000,1000,1000,1000,1000,1000,1000,1000,1000,1,No,,thousand
1/26/18 13:43,1/26/18 13:47,287,1,R_3EGqJWCyK9tf5bb,1,1,1,1,1,0,1,1,1,1,1,200,300,5000,3000,3000,200000,1000,500,5000,2000,"3,4",no,no all went fine,million
1/26/18 13:42,1/26/18 13:48,311,1,R_1mCxnDuV0JkjTob,1,1,1,1,1,1,1,1,1,1,1,50,100,5000,1000,10000,500000,2000,100,3000,50,"2,3",The emotional cost of losing a mural that cannot be replaced.,no. The survey was clear.,gun
1/26/18 13:44,1/26/18 13:48,209,1,R_tRPwrbcUKJj8x4l,1,1,0,0,0,0,1,0,0,1,1,250,200,10000,400,4000,50000,2000,500,10000,350,2,,no,hunthousand
1/26/18 13:45,1/26/18 13:48,159,1,R_1g7aAmK7CRFSl0e,0,0,0,0,0,0,0,0,0,0,0,2000,2000,50000,2000,20000,500000,2000,2000,2000,2000,"2,3,4",no,no,thousand
1/26/18 13:45,1/26/18 13:48,136,1,R_DIUV02A5hdjEkBb,1,1,1,1,1,0,1,1,1,1,1,100,100,1000,500,5000,300000,200,100,100,500,"2,3",No,No,gun
1/26/18 13:42,1/26/18 13:48,337,1,R_2XapI0NRgSyrmT1,1,0,0,0,0,0,0,0,0,0,1,5000,5000,8000,5000,500000,250000,5000,5000,8000,5000,"1,2,3,4","No, everything above covers it.",Everything was clear. No questions or comments.,tenthousand
1/26/18 13:46,1/26/18 13:48,131,1,R_3Gs4FLoKtlC8l3D,0,0,0,0,0,0,0,0,0,0,0,50000,50000,50000,50000,50000,50000,50000,50000,50000,50000,"1,3,4","No matter what Hank did, it seemed fair to split the money evenly.",Thank you.,hunthousand
1/26/18 13:45,1/26/18 13:48,169,1,R_oY0EfXoZgGCM1Kp,1,1,1,1,1,1,1,1,1,1,0,50,100,500,100,1000,100000,500,100,100,200,2,,N/a,gun
1/26/18 13:41,1/26/18 13:48,415,1,R_2SHc3HH7SUX4uJv,1,1,1,1,1,1,1,1,1,1,1,30,100,0,100,1000,75000,50,100,300,50,"1,2,3,4",If the neighbor would charge him knowing the circumstances. ,"Everything was fine, thank you.",gun
1/26/18 13:46,1/26/18 13:48,142,1,R_2zPeuVK1IMo831R,1,1,1,0,0,0,0,1,0,0,0,100,0,0,1000,400,20000,200,0,200,40,2,,,gun
1/26/18 13:45,1/26/18 13:48,187,1,R_dbcX3veBr3ROLND,1,0,1,0,0,0,0,1,1,0,1,50,500,5000,1000,2500,10000,2000,300,800,50,"1,2,3",not that i thought of. no,everything was fine!,tenthousand
1/26/18 13:43,1/26/18 13:48,315,1,R_2c0Ll9GbpuOHn9L,1,1,1,1,0,0,1,1,1,1,1,5000,3000,8000,5000,10000,60000,8000,10000,10000,5000,"2,3,4",Emotional attachment the neighbor might have on the things I ruined.,No.,hunthousand
1/26/18 13:46,1/26/18 13:48,155,1,R_QbQUeu9lGkSccff,1,1,1,1,1,0,1,1,0,1,1,1000,1000,1000,1000,10000,300000,10000,1000,10000,1000,"2,3,4",no,no,million
1/26/18 13:44,1/26/18 13:48,229,1,R_2tgMWQcpLT9x09o,0,0,0,0,0,0,0,0,0,0,0,100,200,10000,10000,10000,1000000,10000,200,1000,100,2,how much it would cost to go back to the way it was. Materials and labor.,no,tenthousand
1/26/18 13:44,1/26/18 13:48,244,1,R_3PYQE4AZ5VWQCdz,0,0,0,0,0,0,0,0,0,0,0,50,50,5000,500,20000,200000,500,100,2000,100,"1,2,3,4",,None at this time.,tenthousand
1/26/18 13:45,1/26/18 13:48,197,1,R_XCkt57JRJ66uebf,1,1,1,1,0,0,0,1,0,0,1,50,50,1500,5000,2000,100000,20,150,6000,40,"1,2,3,4",,,million
1/26/18 13:46,1/26/18 13:48,135,1,R_R2ZJ7PoyGExXR7z,0,0,0,0,0,0,0,0,0,0,0,100,100,100,100,100,100,100,100,100,100,4,no,no,hundred
1/26/18 13:45,1/26/18 13:48,225,1,R_yWosanBrioDQdqh,1,1,1,1,1,0,1,1,1,1,1,100,250,2500,500,1500,100000,5000,250,1000,200,"2,3",,Everything was perfectly clear.,gun
1/26/18 13:46,1/26/18 13:48,143,1,R_1l5h4SkLAJrNdrC,0,0,0,0,0,0,0,0,0,0,0,50,100,2000,1500,3000,250000,500,100,100,50,"2,3",,no,hundred
1/26/18 13:43,1/26/18 13:48,354,1,R_3qEh4rFRtJO4xsS,0,0,0,0,0,0,0,0,0,0,0,20,100,100,100,300,500,20,10,50,100,"2,3,4",How much risk he would be putting on himself because alot of the stuff he would do is against,no,hundred
1/26/18 13:43,1/26/18 13:48,353,1,R_1g0IfC49KJuKvYg,0,0,0,0,0,0,0,0,0,0,0,400,600,1000,1000,2000,10000,1000,1000,200,1000,"2,3,4",,no,tenthousand
1/26/18 13:45,1/26/18 13:48,211,1,R_2t9Vc2aXRBN2QAY,0,1,1,1,0,0,0,1,0,0,1,100,20,100,2000,1500,10000,10000,20,3000,1000,"1,2,3",Hank could fix/revert whatever he had done himself later.,No. None.,tenthousand
1/26/18 13:45,1/26/18 13:49,184,1,R_RltIE5DP7fKr5g5,0,0,0,0,0,0,0,0,0,0,0,500,500,1000,1000,1000,1000,1000,500,1000,900,"1,2,3,4",,,thousand
1/26/18 13:44,1/26/18 13:49,262,1,R_2YE2nx0H6rFAUdN,0,0,0,0,0,0,0,0,0,0,0,500,2000,10000,10000,10000,10000,2000,2000,2000,2000,4,I think it would be cheaper to give his neighbor money instead of facing litigation ,No. Interesting survey.,tenthousand
1/26/18 13:45,1/26/18 13:49,193,1,R_1obSanIOD52vYvy,0,0,0,0,0,0,0,0,0,0,0,50000,50000,50000,50000,50000,100000,50000,50000,50000,50000,5,the morality of doing something wrong to begin with,,hunthousand
1/26/18 13:45,1/26/18 13:49,209,1,R_3JaXvJ3BHoLn4jS,1,0,0,0,0,0,0,1,0,0,0,50,50,100,50,100,100,100,50,100,100,"2,3,4",,no,hundred
1/26/18 13:44,1/26/18 13:49,294,1,R_29cU1UwoMcJvnNF,0,0,0,0,0,0,0,0,0,0,0,100,300,300,50,500,100000,200,200,200,100,"2,3,4",,No.,hunthousand
1/26/18 13:45,1/26/18 13:49,247,1,R_1djnC86BN1QsbpT,0,0,0,0,0,0,0,0,0,0,0,100,200,1000,1000,1000,1000,400,200,1000,100,2,,,thousand
1/26/18 13:47,1/26/18 13:49,95,1,R_xFnkj86rDu1cznj,0,0,0,0,0,0,0,0,0,0,1,20,100,100,50,100,100,100,20,100,100,"1,2,3,4",No,No,hundred
1/26/18 13:43,1/26/18 13:49,329,1,R_2cbUvnO9KptWtlf,0,0,0,0,0,0,0,0,0,0,0,150,200,2000,0,10000,250000,800,500,200,150,"3,4",,,million
1/26/18 13:41,1/26/18 13:49,455,1,R_3MrpCgex6MwdWtZ,0,0,0,0,0,0,0,0,0,0,0,50,200,8000,5000,25000,300000,5000,100,10000,200,"2,3,4",whether hank asked the neighbor for permission to do these things first.,no,hundred
1/26/18 13:47,1/26/18 13:49,119,1,R_1E0C97cfp6zoPDt,0,0,0,0,0,0,0,0,1,0,0,500,500,5000,3000,3000,1000000,1000,500,0,500,2,none,,thousand
1/26/18 13:47,1/26/18 13:49,82,1,R_2f1zUIufhXNhEXi,1,0,1,1,0,0,0,0,0,0,0,5000,6500,1500,3500,2000,7000,2500,2500,5000,5000,1,,,tenthousand
1/26/18 13:45,1/26/18 13:49,215,1,R_2qqtwZdlns9YY20,0,0,0,0,0,0,0,0,0,0,0,100,100,300,600,1000,1000,100,500,1000,1000,"2,3,4",no,I don't believe so,thousand
1/26/18 13:44,1/26/18 13:49,286,1,R_12fP5CExnNAURgc,1,0,0,0,0,1,1,0,1,1,1,8000,6000,9000,7000,7000,7000,5000,5000,5000,6000,"1,3",,,tenthousand
1/26/18 13:45,1/26/18 13:49,264,1,R_3pC7X44YLE80TWV,1,0,0,0,0,0,0,0,0,0,0,1000,20000,20000,30000,20000,200000,5000,5000,30000,5000,"1,2,3,4",,,million
1/26/18 13:46,1/26/18 13:49,196,1,R_xDVrHl1s4146R6F,1,1,1,1,1,0,1,1,1,1,1,100,100,100,1000,250,500000,100,50,50,500,3,,,million
1/26/18 13:43,1/26/18 13:49,385,1,R_38agKL2BE46yLuh,1,1,1,1,1,0,1,1,1,1,1,1000,500,10000,2500,1000,100000,5000,5000,1000,500,"1,2,3",no,,hunthousand
1/26/18 13:44,1/26/18 13:49,308,1,R_3Jre05dkkMGJajA,1,1,1,0,0,0,0,1,0,0,0,10,20,150,5000,5000,200000,10000,20,300,100,"1,2,3,4",,,million
1/26/18 13:48,1/26/18 13:49,58,1,R_0wxQGIwdI87lZcZ,1,0,0,0,0,0,1,1,1,1,1,50,50,50,20,60,10,10,0,20,20,2,,,hunthousand
1/26/18 13:45,1/26/18 13:49,244,1,R_3EbCBjUNGh0y438,1,1,1,1,1,1,1,1,1,1,1,30,100,15000,200,10000,300000,50,100,100,150,"2,3",no,unusual survey. very interesting. thank you!,gun
1/26/18 13:44,1/26/18 13:49,322,1,R_1nMF5KMkIEu6ZFx,0,0,0,0,0,0,0,0,0,0,0,1000,4000,20000,1000,30000,100000,3000,2000,20000,1000,"2,3",,no,hunthousand
1/26/18 13:45,1/26/18 13:49,247,1,R_3GE5GS62kyrT2n6,0,0,0,0,0,0,0,0,0,0,0,50,200,3000,1000,2000,350000,1000,100,3000,50,"2,3,4",compensating the neighbor for an immoral action,Interesting survey,hundred
1/26/18 13:46,1/26/18 13:49,207,1,R_yKGjx2bgDM0AyC5,0,0,0,0,0,0,0,0,0,0,1,1000,4000,30000,10000,20000,100000,2500,4000,5000,1000,"1,2,3,4",no,,hunthousand
1/26/18 13:45,1/26/18 13:50,300,1,R_3G1YMvCqkEwinFX,0,0,0,0,0,0,0,0,0,0,0,100,600,10000,500,5000,100000,800,600,7000,1000,"2,3,4",emotional distress,,hundred
1/26/18 13:48,1/26/18 13:50,119,1,R_2EEqz8zmQKjPT8v,0,0,0,0,0,0,0,0,0,0,0,100,500,2000,1000,4000,100000,5000,1000,1000,1000,"2,3,4",,,hunthousand
1/26/18 13:45,1/26/18 13:50,301,1,R_24nJLZODsIKkjXe,0,0,0,0,0,0,0,0,0,0,1,1200,500,7000,2000,4000,5000000,2500,800,100,50,"2,4",,NA,hundred
1/26/18 13:49,1/26/18 13:50,54,1,R_1Ic5TNlDiRIwx3z,1,0,1,1,0,0,1,0,1,1,0,2,1,1,1,1,2,3,1,3,1,1,,no,hundred
1/26/18 13:47,1/26/18 13:50,180,1,R_ymB30wL7RWpCKbv,1,1,1,1,1,1,1,1,1,1,1,20,50,3000,300,4000,100000,300,100,30,100,"1,2,3,4",cost of repairing the damage Hank has done,,gun
1/26/18 13:45,1/26/18 13:50,313,1,R_2aXMSPGJshiPnrL,0,0,0,0,0,0,0,0,0,0,0,0,0,0,0,0,0,0,0,0,0,"2,3,4","YES, THERE IS NO AMOUNT OF MONEY THAT COULD REPAIR SOME OF THESE DAMAGES THIS MORON WOULD DO.  If he accepted he deserves punishment.  DING BAT","YES, WAS HE PAINTING THE OUTSIDE, WAS HE DOING THESE ACTIVITIES AS A NEGATIVE OR A POSITIVE, THERE WERE SO MANY VARIABLES THAT WERE UNCLEAR. I TOOK IT AS A NEGATIVE AND WELP LET'S JUST SAY THEY BOTH ARE ""DINGBATS""",thousand
1/26/18 13:47,1/26/18 13:50,195,1,R_oYLR7o18qUbzQel,1,0,0,0,0,0,0,0,0,0,0,100000,100000,100000,100000,100000,100000,100000,100000,100000,100000,2,nope,nope,million
1/26/18 13:44,1/26/18 13:50,374,1,R_2trsZ0zIdakvhR6,0,0,0,0,0,0,0,0,0,0,0,100,150,150,500,3000,400000,3000,150,500,100,"2,3,4",,,thousand
1/26/18 13:45,1/26/18 13:50,285,1,R_3Ht4OS8GitLJlEC,0,0,0,0,0,0,0,0,0,0,0,100,500,10000,1000,5000,200000,10000,500,10000,1000,"2,3,4",no,no,tenthousand
1/26/18 13:43,1/26/18 13:50,435,1,R_3EnjwTac8ZMOGhB,1,1,1,1,1,1,1,1,1,1,1,50,500,10000,1200,2000,100000,4000,400,1000,5000,2,i though about my house how much is fair.  ,no.,gun
1/26/18 13:42,1/26/18 13:50,479,1,R_3CTnna5LFWNmrFK,0,0,0,0,0,0,0,0,0,0,0,20,100,3500,100,2500,1000000,300,100,1000,100,"2,3,4",no,,hundred
1/26/18 13:47,1/26/18 13:50,194,1,R_2Scx8gaBWEj0gQT,0,0,0,0,0,0,0,0,0,0,1,1000,5000,25000,25000,25000,100000,5000,10000,5000,1000,"2,3,4",no other factors,nothing confusing or unclear,hunthousand
1/26/18 13:47,1/26/18 13:51,191,1,R_pTdHdOY2SpDbua5,0,0,0,0,0,0,0,0,0,0,1,1000,2000,2500,1500,3000,10000,1500,2000,2000,1000,"2,3,4",,no,tenthousand
1/26/18 13:48,1/26/18 13:51,170,1,R_DwY5fI6DsleCdnb,0,0,0,0,0,0,0,0,0,0,1,100,500,5000,300,500,500000,0,200,0,0,4,total amount that he had initially.,no,million
1/26/18 13:48,1/26/18 13:51,137,1,R_BxZ9xoRMCgq0cJH,1,1,1,1,1,1,1,1,1,1,1,100,1500,1500,1000,500,50000,500,1500,500,100,"2,3,4",No,,gun
1/26/18 13:47,1/26/18 13:51,243,1,R_1dFzCORilY4wmag,0,0,0,0,0,0,0,0,0,0,0,100,1000,20000,7000,10000,250000,10000,2000,2000,5000,"2,3,4",No,No,thousand
1/26/18 13:45,1/26/18 13:51,326,1,R_2tnhDYCeyVyE2wT,0,0,0,0,0,0,0,0,0,0,1,200,500,3000,1000,2000,100000,200,500,1000,100,"2,3,4",Enough to still keep the good appearance of a neighbor,I don't think any of it would be worth the additional trouble.,thousand
1/26/18 13:47,1/26/18 13:51,209,1,R_3Jtjmwb46ZGltI1,0,0,0,0,0,0,0,0,0,0,0,15,20,100,75,100,100,100,30,80,10,2,No,No,hundred
1/26/18 13:48,1/26/18 13:51,199,1,R_3PObjcCYvLcO0Eb,1,1,0,0,0,0,0,1,0,0,1,1000,2000,10000,5000,6000,100000,10000,2500,10000,2500,"1,2,3,4",,,hunthousand
1/26/18 13:43,1/26/18 13:51,456,1,R_1DoGm0eRcGAksym,1,1,1,1,1,1,1,1,1,1,1,10000,10000,10000,50000,10000,500000,10000,10000,10000,10000,"1,2,3,4",,,million
1/26/18 13:46,1/26/18 13:51,317,1,R_2Qzx7fLoDbqCgQ2,0,0,0,0,0,0,0,0,0,0,0,2000,2000,5000,10000,5000,10000,5000,2000,2000,2000,"1,2,3,4",,,tenthousand
1/26/18 13:44,1/26/18 13:51,410,1,R_3iwoxA7XLs9JWCy,0,0,0,0,0,0,0,0,0,0,1,50000,50000,50000,50000,50000,100000,50000,50000,50000,50000,"1,4",Only compensation when he destroyed the house and give the neighbor the whole 100000,No,hunthousand
1/26/18 13:48,1/26/18 13:51,200,1,R_1DPexazhhiKzSnh,0,0,0,0,0,0,0,0,0,0,0,1000,1000,1000,1000,1000,1000,1000,1000,1000,1000,"1,3",no,"No, everything was fine",thousand
1/26/18 13:49,1/26/18 13:51,149,1,R_3D5Y0wNEMiXH9lD,0,0,0,0,0,0,0,0,0,0,1,500,500,5000,1000,5000,10000,1000,500,5000,1000,"1,2,3,4",No,No,tenthousand
1/26/18 13:48,1/26/18 13:51,206,1,R_9oCbHW9ALxZI15n,1,1,1,1,0,0,1,1,0,1,1,20,50,50,100,4000,20000,500,50,300,20,"2,3,4",no,no,gun
1/26/18 13:48,1/26/18 13:51,210,1,R_2xWeti9z9pXG3Se,0,0,0,0,0,0,0,0,0,0,1,30,150,1000,200,1000,800000,5000,150,10000,100,"1,2,3,4",Making the neighbor's daughter probably cry after painting over her mural,"No, no",million
1/26/18 13:48,1/26/18 13:51,175,1,R_Y6zQUUllJtas5Pj,0,0,0,0,0,0,0,0,0,0,0,5000,5000,10000,10000,10000,10000,5000,10000,10000,5000,2,no,all was clear,tenthousand
1/26/18 13:49,1/26/18 13:51,127,1,R_33l0i3nxfYJWTmK,1,1,1,1,0,0,0,1,0,0,0,50,50,75,75,100,100,100,50,100,100,"2,3,4",That was all of the factors ,IT was all clear,hundred
1/26/18 13:48,1/26/18 13:51,209,1,R_bNko0bYvpRH2Lkd,0,0,0,0,0,0,0,0,0,0,0,50,350,1000,200,1000,1000,300,200,250,150,1,what damage was actually done to the property,nothing confusing,thousand
1/26/18 13:49,1/26/18 13:51,159,1,R_1Hof4bYD8KBY8TF,0,0,0,0,0,0,0,0,0,0,0,400,500,4000,700,8000,1000000,1000,300,500,800,"2,3,4",,,hundred
1/26/18 13:48,1/26/18 13:51,225,1,R_11ckCRnuAprWYvC,1,1,1,1,0,0,1,1,1,1,0,20,100,200,75,500,35000,1000,100,250,25,2,No,simple study,gun
1/26/18 13:45,1/26/18 13:51,391,1,R_1mdUy5j7e0WHQdG,1,0,0,0,0,0,0,0,0,0,1,1000,2000,10000,75000,50000,500000,120000,5000,150000,5000,"2,4",,No,million
1/26/18 13:48,1/26/18 13:52,205,1,R_2OUSXiEBUPXkEtL,1,1,0,0,0,0,0,0,0,0,1,500,1000,15000,10000,10000,100000,1000,1000,10000,500,"2,3,4",The emotional distress of the surprise that it would cause. ,,hunthousand
1/26/18 13:47,1/26/18 13:52,263,1,R_2SwYODYlu6FyVNN,0,0,0,0,0,0,0,0,0,0,1,750000,750000,750000,1000000,1000000,1000000,1000000,750000,1000000,1000000,2,"Painting a generic object is less damaging than breaking things, painting over artwork, killing plants, or forcing the neighbor to clean up, so less than 1000000 was justified sometimes.",No,million
1/26/18 13:50,1/26/18 13:52,113,1,R_DJm0UjSKUFGvLJT,0,0,0,0,0,0,0,0,0,0,0,0,0,0,0,0,0,0,0,0,0,5,,the whole concept was confusing,hundred
1/26/18 13:47,1/26/18 13:52,261,1,R_1eypBzGYQH7T020,1,1,1,1,1,1,1,1,1,1,1,60,200,5000,200,15000,200000,600,200,500,50,"2,3",nope,nope,gun
1/26/18 13:50,1/26/18 13:52,131,1,R_uaVDYquHdoz7kCB,1,0,0,0,0,0,0,0,0,0,0,0,500000,500000,500000,500000,900000,500000,500000,500000,500000,"2,3",No,No,million
1/26/18 13:46,1/26/18 13:52,395,1,R_p6mM0xjUPmMBQQx,1,0,1,0,0,1,1,1,0,0,1,50,300,250,200,400,10000,300,20,500,200,"1,3",,,thousand
1/26/18 13:50,1/26/18 13:52,163,1,R_24f4G57AHGlJCEQ,1,1,1,1,1,0,1,1,1,1,0,150,200,1000,100,15000,500000,500,200,50,100,"2,3",n/a,none,gun
1/26/18 13:48,1/26/18 13:52,278,1,R_2Cy7E5m9Cao7CD4,1,0,0,0,0,0,1,0,0,1,1,200,1000,1000,500,1000,1000,200,1000,1000,250,"2,3,4",How repairable and intrusive was the damage.,no,thousand
1/26/18 13:49,1/26/18 13:52,179,1,R_1GJm5p5OIqrBxhz,0,0,0,0,0,0,0,0,0,0,1,250,500,5000,5000,10000,100000,2500,500,1000,500,"2,3,4",no,no,hunthousand
1/26/18 13:50,1/26/18 13:53,144,1,R_2S7GQL6VXLxZTyQ,1,1,1,1,1,0,1,1,0,1,1,100000,100000,100000,100000,100000,800000,100000,100000,500000,100000,"1,2,3,4",no,no,million
1/26/18 13:45,1/26/18 13:53,457,1,R_yxcD7yzHUfou04V,0,0,0,0,0,0,0,0,0,0,0,50000,50000,500000,300000,600000,900000,200000,100000,300000,50000,"1,2,3,4",,could hank have consulted and made an agreement with his neighbor in advance of his action? what about reversing his actions before his neighbor saw?,million
1/26/18 13:49,1/26/18 13:53,237,1,R_2sYn1oRIAVzcerf,0,0,1,1,1,1,0,1,1,1,0,0,0,5000,0,2000,0,0,0,0,0,2,hank to do it in secret and keep his mouth shut,none,hunthousand
1/26/18 13:44,1/26/18 13:53,504,1,R_3NKB3NV3FTGBF1m,0,0,0,0,0,0,0,0,0,0,0,100,300,1000,250,750,1000,400,200,500,500,"1,2,3,4",I was thinking how much of the stranger's money it would take so that my neighbor wouldn't call the cops on me for vandalism as well as the problems it would cause him.,No. I think it was all clear.,thousand
1/26/18 13:50,1/26/18 13:53,159,1,R_3lxiry5EwjLL2hy,0,0,0,0,0,0,0,0,0,0,0,20,50,500,50,1000,100000,100,50,5000,30,"2,3",If it had a monetary value or personal value,no,hundred
1/26/18 13:49,1/26/18 13:53,216,1,R_2EuDVwD4JD13iQ7,1,1,1,1,1,0,1,1,1,1,0,30,30,300,60,200,150000,20,30,0,0,2,The cost his neighbor would incur fixing the damage he had done,,gun
1/26/18 13:49,1/26/18 13:53,204,1,R_1jjGLiqs4xGO8it,1,0,0,0,0,0,0,0,0,0,0,30,500,1000,1000,1000,100000,100,1000,1000,100,2,that it should not have been done in the first place,,thousand
1/26/18 13:50,1/26/18 13:53,153,1,R_3JLAbuTWTmEoBaI,1,1,1,0,0,0,0,0,0,1,1,1000,5000,10000,10000,10000,100000,5000,5000,50000,1000,"2,3,4",The emotional value of the mural painted by Hank's neighbor's daughter,,hunthousand
1/26/18 13:48,1/26/18 13:53,266,1,R_12bF0tVgENkmGuB,0,0,0,0,0,0,0,0,0,0,0,10000,10000,10000,10000,10000,200000,10000,10000,10000,10000,"1,2,3,4",,,tenthousand
1/26/18 13:50,1/26/18 13:53,191,1,R_24oAGZtm960BRUf,1,1,0,0,0,0,0,0,0,0,0,400,400,1000,500,2000,10000,1000,300,3000,400,"1,2,3,4",,,hunthousand
1/26/18 13:51,1/26/18 13:53,126,1,R_2cdBf1nzar88hKF,0,0,0,0,0,0,0,0,0,0,1,2000,1000,5000,3000,5000,300000,5000,4000,3000,2000,"2,3,4",,,tenthousand
1/26/18 13:50,1/26/18 13:53,156,1,R_5mBpzxWxIxThQ1b,1,1,0,0,0,0,0,1,0,1,1,50,70,600,120,900,1000,40,70,1000,0,"1,2,3,4",moral issue with daughter mural.,no.,thousand
1/26/18 13:49,1/26/18 13:53,223,1,R_1hMVCi5mRWr62PQ,1,1,1,1,0,0,1,1,1,1,1,10,50,2000,250,2500,350000,300,10,100,0,"2,3,4",,no,gun
1/26/18 13:51,1/26/18 13:53,115,1,R_SCApKNqAcsNfAvT,1,0,0,0,1,1,0,1,0,0,0,15,20,100,50,25,20,10,20,0,20,"1,3,4",None,,hundred
1/26/18 13:50,1/26/18 13:53,197,1,R_24kK9lSZC6VZ47x,1,1,1,0,0,0,0,0,0,0,0,200,200,2000,2000,1500,300000,1000,200,500,500,4,No.,No.,tenthousand
1/26/18 13:50,1/26/18 13:53,177,1,R_PRmFj2hld7r5Ppv,0,0,0,0,0,0,0,0,0,0,0,8000,8000,50000,50000,80000,10000000,5000,5000,2000,10000,4,None.,None.,million
1/26/18 13:51,1/26/18 13:53,157,1,R_22rDEenb8269FAE,1,1,1,1,1,1,1,1,1,1,0,200,400,3000,1000,3000,500000,500,400,200,300,2,,,gun
1/26/18 13:51,1/26/18 13:53,162,1,R_3snsAqKuG74ZAFQ,0,0,0,0,0,0,0,0,0,0,0,500,1000,10000,1000,5000,500000,1000,1000,10000,500,"1,2,3,4",no,no,thousand
1/26/18 13:49,1/26/18 13:53,228,1,R_3P4ziqynQRYfjHe,1,1,1,1,0,0,0,0,0,1,1,900,1000,40000,1000,35000,500000,2500,1000,100000,500,"1,2,3,4",,,million
1/26/18 13:47,1/26/18 13:53,407,1,R_1NrBXRA0QbLbCkz,0,0,0,0,0,0,0,0,0,0,1,5000,5000,5000,5000,5000,5000,5000,5000,5000,5000,"1,3",No,"If Hank had demolished the neighbor's house, the neighbor could collect the insurance and split it with Hank.  ",tenthousand
1/26/18 13:51,1/26/18 13:53,132,1,R_eaPmoIElTmrxgRz,0,0,0,0,0,0,0,0,1,1,1,150,200,700,500,300,500000,750,800,300,300,5,75000,A2XLMRL553Q4VZ,gun
1/26/18 13:52,1/26/18 13:53,107,1,R_1JOyCepASXBPU6A,1,1,1,0,0,0,1,1,0,0,1,100,100,100,100,20000,500000,500,100,1000,100,"1,2,3,4",,,million
1/26/18 13:50,1/26/18 13:54,229,1,R_3ke8IhRdck9jlbM,0,0,0,0,0,0,0,0,0,0,1,100,200,5000,300,10000,250000,100,300,1000,200,5,"Yes, whether it's right to do something malicious to your neighbors property period.",,thousand
1/26/18 13:48,1/26/18 13:54,342,1,R_3j0gpaz5r8aS117,0,0,0,0,0,0,0,0,0,0,0,10000,10000,10000,10000,10000,10000,10000,10000,10000,10000,1,no,no,tenthousand
1/26/18 13:51,1/26/18 13:54,166,1,R_1jGMgQ8r5ips3PJ,0,0,0,0,0,0,0,0,0,0,0,250,500,5000,1000,5000,10000,500,1000,1000,500,"2,3,4",no,,tenthousand
1/26/18 13:48,1/26/18 13:54,372,1,R_BrjnlZTI9ArtRkJ,0,0,0,0,0,0,0,0,0,0,0,100,100,100,100,100,100,100,100,100,100,"1,2,3,4",He should not of done any of these so he owes it all to his neighbor.,Unclear study as none of these were acceptable and no explanation at the beginning.,hundred
1/26/18 13:50,1/26/18 13:54,239,1,R_2QtjMFj5Xjquwlp,1,1,0,1,0,0,0,1,0,0,1,2000,4000,1400,1400,3000,100000,8000,1400,20000,2000,"1,2,3,4",Moral responsibility,,hunthousand
1/26/18 13:50,1/26/18 13:54,258,1,R_5cGyYu0zYlPslk5,1,1,1,1,1,1,1,1,1,1,0,0,20,500,0,1000,0,0,20,0,0,2,Whether this item/ damage would be expensive to fix/replace or if Hank to offer to help in lieu of payment.,no,gun
1/26/18 13:49,1/26/18 13:54,303,1,R_3iX8V2m5U3pjVXH,0,0,0,0,0,0,0,0,0,0,1,500,500,1000,5000,3000,5000,5000,500,10000,500,"1,2,3,4",no,no,tenthousand
1/26/18 13:51,1/26/18 13:54,166,1,R_2bJFmbAZYZT04pr,0,0,0,0,0,0,0,0,0,0,0,100,100,5000,800,7000,200000,1500,100,10000,500,"1,2,3,4",,,hundred
1/26/18 13:46,1/26/18 13:54,504,1,R_00tFSHJtez9fcit,1,1,1,1,1,1,1,1,1,1,0,75,250,1250,400,1250,200000,50,250,500,50,"2,3,4",No.,Nothing was confusing about the survey. I have no other questions or comments.,gun
1/26/18 13:48,1/26/18 13:55,393,1,R_3I4E0Won3UsJRh8,0,0,0,0,0,0,0,0,0,0,0,50,100,2000,400,3000,150000,600,100,300,50,"2,3,4","no, what I was factoring in was covered.","everything was clear, thank you for the survey.",hundred
1/26/18 13:51,1/26/18 13:55,196,1,R_22EQ6QARXLHUKzo,0,0,0,0,0,0,0,0,0,0,0,500,1000,10000,1000,10000,10000,500,5000,10000,150,"1,2,3,4",no,none,tenthousand
1/26/18 13:51,1/26/18 13:55,217,1,R_2Qhw0exf88X11Ep,0,0,0,0,0,0,0,0,0,0,1,700,500,20000,2000,15000,200000,500,800,1000,1000,"1,2,3,4",No,no,thousand
1/26/18 13:51,1/26/18 13:55,242,1,R_1OSPa8ZlUsfCl9C,0,0,0,0,0,0,0,0,0,0,0,50,200,400,200,1000,40000,200,200,0,100,"2,3,4",THE LAW,,thousand
1/26/18 13:50,1/26/18 13:56,338,1,R_3dN5aMbXp7PhGbr,0,0,1,1,0,0,0,0,0,0,0,100,250,4500,1500,15000,258000,1000,100,500,350000,2,How they are going to feel after it done,no,hundred
1/26/18 13:51,1/26/18 13:56,262,1,R_b8EgAtc8XrX8G7T,0,0,0,0,0,0,0,0,0,0,1,50,50,50000,50,50,100,50,50,50,50,"1,2,3,4",The amount given to Hank,,hunthousand
1/26/18 13:42,1/26/18 13:56,842,1,R_2PnzE0FbkcbQ5GN,1,0,0,0,0,0,0,0,0,0,0,0,0,0,0,0,1,0,1,0,0,2,,,million
1/26/18 13:52,1/26/18 13:56,269,1,R_1lc1ObRUX3ialrF,1,1,1,1,1,1,1,1,1,1,1,20,100,4000,200,3000,350000,100,100,500,0,"1,2,3,4",I thought about victims insurance or homeowners insurance and wondered if theyd cover acts of vandalism.  I also wondered if the neighbor was mobbed up.,No,gun
1/26/18 13:53,1/26/18 13:56,222,1,R_3jeR3dB77b1KrFH,0,0,0,0,0,0,0,0,0,0,0,500,2000,20000,10000,5000,500000,2500,2000,2000,2000,"1,2,3,4",Emotional damage.,No.,hunthousand
1/26/18 13:53,1/26/18 13:56,183,1,R_27JtgBMQGgKBu0j,0,0,0,0,0,0,0,0,0,0,0,100,200,200,1000,2000,10000,5000,200,10000,100,"1,2,3,4",no,no,tenthousand
1/26/18 13:53,1/26/18 13:56,227,1,R_2zPmgxcZYpjiYbW,0,0,0,0,0,0,0,0,0,0,1,100,500,1000,500,500,1000,500,250,200,200,"1,2,3,4",,no,thousand
1/26/18 13:54,1/26/18 13:56,164,1,R_2diiK2MKExxneAv,1,1,1,1,1,1,1,1,1,1,1,100,200,10000,500,1000,100000,500,100,100,100,2,My kid,Fun thanks!,gun
1/26/18 13:43,1/26/18 13:57,794,1,R_1eLyRwlmjuKbeIp,0,0,0,0,0,0,0,0,0,0,0,44,1600,15000,23000,26000,600000,1500,1600,50,60,"2,3",,,thousand
1/26/18 13:54,1/26/18 13:57,169,1,R_3QqcY9xFnsJ25Al,1,1,0,0,0,0,0,0,0,0,1,100,250,1000,1000,5000,175000,500,200,5000,1000,2,no,no,million
1/26/18 13:54,1/26/18 13:57,186,1,R_7PNEiZLfT1PNUjv,0,0,0,0,0,0,0,0,0,0,0,2000,5000,25000,10000,25000,200000,2000,10000,100000,2000,2,no,no,hunthousand
1/26/18 13:39,1/26/18 13:57,1076,1,R_33lIHMHT3n4QHsS,0,0,1,1,0,0,1,0,1,1,1,20,100,50,50,50,50,20,200,100,50,"2,3,4",none,no,hunthousand
1/26/18 13:52,1/26/18 13:57,332,1,R_tQKrtuxwYcOMN69,1,1,1,0,1,0,1,1,1,1,1,100,300,15000,30000,10000,300000,20000,300,2000,1000,"1,2,3,4",no,no,million
1/26/18 13:53,1/26/18 13:57,240,1,R_2tfGFKVKkYJnwae,0,0,0,0,0,0,0,0,0,0,0,200,500,1000,1000,5000,10000,1000,500,2000,300,"1,2,3",,The entire thing was kind of unsettling. I don't think a monetary amount makes up for having someone damage or deface your personal property.,tenthousand
1/26/18 13:50,1/26/18 13:57,440,1,R_2BsOxL1rn4dINRP,1,1,1,1,1,1,1,1,1,1,1,55,100,555,111,777,111111,111,111,1111,100,"2,3,4", no,no,gun
1/26/18 13:53,1/26/18 13:58,300,1,R_6yVjyeYxcS9yZOh,0,0,0,0,0,0,0,0,0,0,0,25,100,100,0,100,100,100,100,100,50,"2,3,4",,,hundred
1/26/18 13:48,1/26/18 13:58,573,1,R_2sTN6bZy42iZ11K,1,1,1,1,0,0,0,0,0,0,1,10000,50000,75000,75000,80000,500000,80000,50000,80000,25000,"2,3,4",,,million
1/26/18 13:56,1/26/18 13:58,148,1,R_3fBKsGc8B0ZtyN4,0,0,0,0,0,0,0,0,0,0,0,1500,800,4000,1500,10000,500000,1250,800,15000,500,"1,2,3,4",no,no,hunthousand
1/26/18 13:51,1/26/18 13:58,454,1,R_3DuoZpAwdsZk0mk,0,0,0,0,0,0,0,0,0,0,0,250,150,750,250,2500,500000,2500,150,1000,1000,"2,3,4",,Everything was clear.  Very interesting situation.,hunthousand
1/26/18 13:55,1/26/18 13:58,192,1,R_R1XxbIAecTbBrhL,0,0,0,0,0,0,0,0,0,0,0,30,200,10000,300,3000,300000,600,220,800,150,"2,3,4",No.,Survey went smoothly.,thousand
1/26/18 13:56,1/26/18 13:59,182,1,R_2OYzs1wE8ssD672,1,1,0,0,0,0,0,1,0,0,1,100,500,6000,1000,5000,100000,500,500,1000,0,"2,3",,,hunthousand
1/26/18 13:53,1/26/18 13:59,324,1,R_79yVGwPhHbnvvHz,0,0,0,0,0,0,0,1,0,0,0,100,1000,5000,500,3000,100000,500,100,100,100,2,no,no,hundred
1/26/18 13:56,1/26/18 13:59,197,1,R_pRiKzWbCfBrP8kN,0,0,0,0,0,0,0,0,0,0,0,50,1000,10000,1000,5000,500000,1000,1000,500,1000,"2,3,4",,,hundred
1/26/18 13:57,1/26/18 13:59,162,1,R_1gUzI3XR0mYatZU,1,1,0,1,1,0,1,1,1,1,0,100,150,2000,400,5000,250000,100,150,200,150,"2,3,4",none,none,gun
1/26/18 13:56,1/26/18 14:00,225,1,R_1MZlB2jH92ephBa,0,0,0,0,0,0,0,0,0,0,1,5000,5000,5000,10000,10000,1000000,5000,5000,9000000,10000,"1,2,3,4",,,tenthousand
1/26/18 13:50,1/26/18 14:00,619,1,R_3enndJCXQQDjBWX,1,0,0,0,0,0,0,0,0,0,0,50,1000,1000,1000,1000,1000,200,500,1000,1000,2,,no,thousand
1/26/18 13:54,1/26/18 14:00,384,1,R_2rwLHgFgp1gJm5r,0,0,0,0,0,0,0,0,0,0,0,100,100,700,75,500,1000,200,100,100,50,"2,3,4",No other reasons.,Nothing was confusing. Great survey!,thousand
1/26/18 13:59,1/26/18 14:00,113,1,R_3PnSg3l20KuXVQN,1,1,1,1,1,1,1,1,1,1,0,0,0,0,0,0,0,0,0,0,0,1,Frank had no free will. The stranger is responsible for Hank's actions that night,No.,gun
1/26/18 13:57,1/26/18 14:01,271,1,R_1MS6QHmoMgfy4ho,0,0,0,0,0,0,0,0,0,0,1,2000,2000,5000,5000,6000,9000,2000,5000,5000,1000,"1,2,3,4",No,No,tenthousand
1/26/18 13:59,1/26/18 14:01,160,1,R_1o87k21dG3tP2Ez,1,1,1,1,0,0,0,1,0,0,0,20000,150000,260000,280000,150000,400000,250000,100000,350000,500000,1,,,million
1/26/18 13:50,1/26/18 14:02,673,1,R_2X68wpeszTBylaJ,0,1,1,0,0,0,1,0,1,0,0,20,10,10,5,1,25,5,2,10,5,5,,,million
1/26/18 13:56,1/26/18 14:02,368,1,R_6zZ5iRnZ9NHJJYZ,0,0,0,0,0,0,0,0,0,0,0,1000,50000,100000,10000,50000,500000,50000,50000,100000,100000,"1,2,3,4",no,no,million
1/26/18 14:04,1/26/18 14:06,110,1,R_2cooOUYHHqXmJTw,1,1,1,1,1,1,1,1,1,1,0,10,100,1000,50,500,100000,200,100,100,50,2,,,gun
1/26/18 13:46,1/26/18 14:06,1215,1,R_QcBtxp7Toz8lEs1,1,1,1,1,1,1,1,1,1,1,0,20,35,7000,50,3000,5000,500,30,100,35,"2,3",No,As soon as i read the child would be killed if hank didnt do it. i think morals are off the table,gun
1/26/18 14:02,1/26/18 14:07,342,1,R_3O7jymNM2alqz7o,1,1,1,0,0,0,0,1,0,1,1,500,1000,5000,5000,6000,10000,2500,1000,5000,1000,"1,2,3,4",Sentimental value for the living things and the mural. There's not enough money here for demolishing the house.,"Demolishing the house seems like the outlier here. You can't compensate with 10,000.  Also, we don't know Hank's relationship with the neighbor and what the legal consequences could be.",tenthousand
1/26/18 14:02,1/26/18 14:08,371,1,R_9YSGcTQnQkJ6vWV,1,1,0,0,0,0,1,0,0,0,1,500,500,1000,900,900,1000,500,500,1000,900,4,No,No,thousand
1/26/18 14:05,1/26/18 14:09,206,1,R_1MSUCwuY1gwxnil,1,1,1,1,1,1,0,1,1,1,1,200,200,200,100,300,200,100,200,100,200,"2,4",N/A,N/A,thousand
1/26/18 14:07,1/26/18 14:10,165,1,R_vdwzuX2Wf6EbK6d,1,1,1,1,1,1,1,1,1,1,1,100,300,500,200,1000,250000,150,200,100,150,"2,3,4",no,no,gun
1/26/18 14:04,1/26/18 14:10,351,1,R_1dK76lPBhzIuxcL,1,1,1,1,1,0,1,1,1,1,1,100,100,100,100,100,100000,100,100,100,100,2,"No, I only thought that Hank should give him $100 for the ""minor"" problems that he caused. The amount of $100 more than compensates for those when it comes to buying replacements for sure. I actually didn't choose to ruin his house but when I was presented the situation, I thought $100,000 was fine.","Everything was good and clear, thanks!",million
1/26/18 14:06,1/26/18 14:10,243,1,R_783hoU7S0rTC3Lj,1,1,1,0,1,0,0,1,0,1,1,1000,1000,3000,8000,2000,10000,5000,500,10000,500,"1,2,3,4",,Good luck with your research!,tenthousand
1/26/18 14:07,1/26/18 14:10,202,1,R_2OMYXHkuJcJHau6,0,0,0,0,0,0,0,0,0,0,0,100,100,100,100,100,100,100,100,100,100,4,no,no,hundred
1/26/18 14:07,1/26/18 14:11,190,1,R_1OlwkJCjofFvtrG,0,0,0,0,0,0,0,0,0,0,1,100,1000,10000,100,20000,50000,500,500,1000,100,3,na,no,hunthousand
1/26/18 14:07,1/26/18 14:11,252,1,R_87zPDaNG07gB65r,1,1,1,1,1,0,1,1,1,1,1,500,1000,10000,5000,75000,500000,10000,1000,20000,10000,"1,2,3,4",no,no. Good Luck!! ,million
1/26/18 14:15,1/26/18 14:17,131,1,R_3j9fY4HlhnGRGpc,0,0,0,0,0,0,0,0,0,0,0,100,500,5000,500,5000,300000,5000,500,500,100,"2,3,4",no,no,hundred
1/26/18 14:08,1/26/18 14:18,598,1,R_2UWsVm2XImG6yaQ,0,1,0,0,0,0,0,0,0,0,0,50,100,1000,200,1000,100000,250,100,1000,50,"3,4",that most of these were wrong so I thought the neighbor deserved money if these were done to him.,no,thousand